"Top 10000 values of source.ip","Count of records"
"144.126.157.245","2,791"
"193.11.189.18",617
"109.74.204.123",535
"185.224.128.55",403
"8.213.27.99",399
"95.214.27.12",333
"47.236.251.97",273
"154.198.210.95",273
"172.245.214.201",273
"146.19.24.28",203
"45.128.232.152",164
"129.226.196.127",139
"31.220.3.140",122
"45.33.87.154",119
"45.128.232.212",114
"209.141.42.209",100
"209.141.40.117",96
"167.94.146.60",69
"45.128.232.159",68
"167.94.138.34",66
"139.59.230.191",62
"83.97.73.245",61
"198.74.56.135",58
"14.103.40.89",56
"87.120.84.143",56
"104.234.204.32",56
"167.94.145.58",55
"167.94.138.125",53
"141.98.11.89",51
"118.123.105.93",50
"141.98.11.86",46
"165.227.227.130",44
"87.236.176.108",43
"87.236.176.153",43
"87.236.176.162",43
"87.236.176.175",43
"87.236.176.250",43
"62.210.24.128",42
"64.225.98.189",42
"139.59.119.58",42
"45.131.108.31",41
"45.227.254.9",40
"46.101.75.159",40
"167.248.133.38",40
"193.118.52.22",39
"162.142.125.213",38
"46.174.191.31",36
"188.126.83.132",36
"167.94.145.64",35
"45.128.232.210",34
"45.142.182.92",34
"78.108.177.50",34
"162.142.125.224",34
"35.216.204.8",33
"185.216.70.18",33
"91.189.165.51",32
"167.248.133.185",32
"183.136.225.14",32
"193.35.18.53",32
"80.66.83.114",30
"162.142.125.160",28
"167.94.145.53",28
"167.94.146.52",28
"167.94.146.56",28
"167.94.138.35",27
"167.94.138.36",27
"167.94.138.50",27
"167.94.146.55",27
"198.74.56.46",27
"212.70.149.146",27
"144.126.202.65",26
"152.32.206.246",26
"162.142.125.13",26
"165.154.100.42",26
"167.94.145.60",26
"78.108.177.54",25
"45.79.168.172",24
"118.193.59.142",24
"165.154.51.221",24
"165.154.119.19",24
"198.235.24.56",24
"167.248.133.182",23
"167.248.133.187",23
"104.238.60.135",22
"158.69.7.211",22
"159.223.152.145",22
"207.90.244.14",22
"45.128.232.40",21
"118.193.57.121",21
"152.32.135.81",21
"152.32.170.230",21
"152.32.213.86",21
"167.94.146.57",21
"172.104.11.4",21
"176.10.233.144",21
"78.108.177.51",20
"103.228.36.238",20
"185.224.128.17",20
"185.242.226.48",20
"188.126.67.65",20
"198.235.24.114",19
"2.57.122.115",18
"46.174.191.29",18
"101.36.127.85",18
"107.151.182.54",18
"138.197.15.182",18
"152.32.135.214",18
"183.136.225.48",18
"185.170.144.3",18
"185.180.143.141",18
"205.210.31.235",18
"45.95.147.236",17
"69.164.217.245",17
"112.111.0.246",17
"146.190.72.182",17
"152.32.173.15",17
"152.32.209.62",17
"192.155.88.231",17
"152.32.140.12",16
"195.246.120.122",16
"5.188.210.227",15
"46.174.191.32",15
"193.11.187.242",15
"80.82.78.39",14
"90.151.171.106",14
"172.105.128.11",14
"205.210.31.68",14
"46.174.191.30",13
"62.210.90.176",13
"167.94.145.51",13
"167.94.145.55",13
"167.94.146.53",13
"167.99.13.19",13
"167.248.133.122",13
"167.248.133.126",13
"167.248.133.127",13
"172.104.11.46",13
"45.79.181.104",12
"65.49.1.115",12
"71.6.158.166",12
"141.98.7.237",12
"162.142.125.214",12
"162.142.125.220",12
"162.142.125.223",12
"162.142.125.225",12
"162.216.150.192",12
"165.22.93.83",12
"185.161.248.148",12
"185.167.97.229",12
"190.211.252.66",12
"198.235.24.244",12
"45.33.239.56",11
"45.79.163.53",11
"45.79.181.251",11
"59.12.163.60",11
"93.64.157.18",11
"103.211.56.154",11
"162.216.149.154",11
"205.210.31.65",11
"205.210.31.98",11
"2.136.50.31",10
"23.25.237.145",10
"36.99.136.137",10
"38.222.3.108",10
"38.222.102.123",10
"39.124.221.139",10
"45.33.115.221",10
"45.128.232.28",10
"45.128.232.160",10
"46.140.81.198",10
"59.1.83.122",10
"61.81.76.180",10
"64.62.197.12",10
"65.49.1.52",10
"65.49.20.98",10
"80.147.172.25",10
"91.92.252.45",10
"103.165.28.55",10
"104.152.52.158",10
"104.152.52.207",10
"104.152.52.213",10
"104.248.33.30",10
"112.161.134.40",10
"119.200.147.175",10
"121.174.42.51",10
"122.117.91.111",10
"126.45.190.6",10
"147.0.56.131",10
"151.69.157.215",10
"173.10.146.253",10
"178.209.4.74",10
"180.65.87.187",10
"183.178.141.90",10
"184.105.247.244",10
"185.12.110.245",10
"185.32.64.155",10
"185.122.204.179",10
"185.233.19.230",10
"193.180.83.56",10
"193.212.91.58",10
"194.147.172.90",10
"198.23.172.96",10
"198.235.24.66",10
"198.235.24.104",10
"198.235.24.192",10
"198.235.24.211",10
"198.235.24.227",10
"200.8.103.81",10
"202.70.68.193",10
"205.210.31.161",10
"205.210.31.193",10
"205.210.31.252",10
"210.103.8.206",10
"216.218.206.106",10
"218.103.153.198",10
"221.161.42.170",10
"45.79.181.179",9
"52.80.177.122",9
"52.81.61.158",9
"64.62.197.65",9
"64.62.197.74",9
"65.49.20.126",9
"77.239.213.244",9
"80.66.88.204",9
"80.85.84.75",9
"88.80.20.86",9
"91.92.250.119",9
"104.236.198.232",9
"107.151.253.186",9
"167.94.146.58",9
"167.248.133.49",9
"172.105.128.12",9
"180.149.125.164",9
"180.149.125.167",9
"198.235.24.106",9
"198.235.24.176",9
"205.210.31.171",9
"209.97.152.248",9
"216.218.206.105",9
"38.32.203.50",8
"64.62.197.212",8
"65.49.1.113",8
"65.49.20.78",8
"65.49.20.86",8
"74.82.47.4",8
"78.108.177.52",8
"84.54.51.105",8
"89.248.163.200",8
"142.93.18.147",8
"147.45.50.36",8
"167.248.133.53",8
"185.180.143.50",8
"185.198.69.171",8
"185.224.128.10",8
"185.242.226.25",8
"193.37.69.150",8
"194.165.16.72",8
"194.169.175.22",8
"198.235.24.23",8
"198.235.24.48",8
"198.235.24.60",8
"198.235.24.80",8
"198.235.24.202",8
"198.235.24.219",8
"198.235.24.230",8
"205.210.31.11",8
"205.210.31.128",8
"205.210.31.233",8
"205.210.31.236",8
"205.210.31.243",8
"216.218.206.87",8
"4.225.160.73",7
"20.251.10.100",7
"41.111.183.88",7
"45.147.250.222",7
"46.101.142.246",7
"50.116.10.62",7
"51.159.232.156",7
"52.81.239.40",7
"64.62.197.44",7
"64.62.197.130",7
"64.62.197.152",7
"64.62.197.157",7
"64.62.197.158",7
"64.62.197.233",7
"65.49.1.19",7
"65.49.1.121",7
"65.49.20.110",7
"98.96.193.4",7
"102.129.232.53",7
"104.248.23.145",7
"117.235.127.179",7
"120.85.117.193",7
"128.199.137.235",7
"154.27.68.195",7
"157.230.82.235",7
"167.94.146.29",7
"172.104.11.51",7
"184.105.247.224",7
"184.105.247.236",7
"185.216.71.4",7
"192.155.90.118",7
"195.140.227.163",7
"198.235.24.73",7
"205.210.31.6",7
"205.210.31.72",7
"216.218.206.74",7
"35.203.210.198",6
"36.99.136.129",6
"36.99.136.136",6
"43.155.129.188",6
"45.33.80.243",6
"45.128.232.191",6
"45.136.6.209",6
"51.83.167.221",6
"52.80.126.145",6
"59.34.57.200",6
"62.68.158.98",6
"64.62.197.15",6
"64.62.197.219",6
"64.62.197.223",6
"65.49.1.34",6
"65.49.1.57",6
"74.82.47.6",6
"74.82.47.8",6
"74.82.47.19",6
"74.82.47.20",6
"74.82.47.55",6
"84.54.51.241",6
"84.247.143.83",6
"87.236.176.29",6
"87.236.176.34",6
"87.236.176.63",6
"87.236.176.85",6
"87.236.176.98",6
"103.203.57.20",6
"104.131.144.24",6
"104.156.155.2",6
"107.170.233.41",6
"107.170.239.40",6
"107.170.245.26",6
"107.170.255.4",6
"109.248.6.78",6
"141.98.7.179",6
"159.203.208.9",6
"162.243.136.75",6
"162.243.145.43",6
"164.52.36.212",6
"165.22.143.109",6
"167.94.138.147",6
"170.130.204.114",6
"172.105.77.209",6
"178.172.236.67",6
"184.105.247.200",6
"184.105.247.254",6
"185.180.143.145",6
"185.233.19.229",6
"188.166.26.88",6
"192.241.199.82",6
"192.241.209.14",6
"192.241.219.56",6
"192.241.222.36",6
"193.118.51.130",6
"198.199.95.90",6
"198.199.115.90",6
"198.199.118.97",6
"198.235.24.58",6
"198.235.24.165",6
"198.235.24.194",6
"205.210.31.51",6
"205.210.31.220",6
"205.210.31.234",6
"205.210.31.238",6
"216.218.206.69",6
"216.218.206.70",6
"216.218.206.98",6
"216.218.206.110",6
"1.25.253.202",5
"3.87.16.143",5
"8.130.87.146",5
"8.217.219.59",5
"8.222.170.38",5
"35.190.199.12",5
"36.134.185.204",5
"37.255.208.94",5
"43.133.137.82",5
"43.153.16.13",5
"43.157.39.98",5
"45.79.49.102",5
"47.102.214.48",5
"47.181.199.37",5
"47.243.171.100",5
"47.243.246.149",5
"62.138.16.145",5
"64.62.197.9",5
"64.62.197.11",5
"64.62.197.78",5
"64.62.197.89",5
"64.62.197.100",5
"64.62.197.101",5
"64.62.197.153",5
"64.62.197.156",5
"64.235.37.62",5
"65.49.1.24",5
"65.49.1.67",5
"65.49.1.68",5
"65.49.1.76",5
"65.49.1.77",5
"65.49.1.83",5
"65.49.1.86",5
"69.164.217.74",5
"71.6.232.24",5
"71.6.232.27",5
"74.82.47.51",5
"79.124.62.130",5
"80.66.88.215",5
"80.94.92.52",5
"84.16.242.156",5
"91.92.240.101",5
"94.232.43.74",5
"101.32.103.44",5
"103.180.149.224",5
"104.131.144.23",5
"107.151.253.193",5
"107.170.227.4",5
"107.170.229.45",5
"107.170.247.39",5
"107.170.247.45",5
"107.170.248.6",5
"107.189.8.238",5
"112.124.6.89",5
"117.217.40.196",5
"120.24.33.95",5
"121.43.114.58",5
"122.194.11.101",5
"159.65.157.134",5
"159.203.192.33",5
"162.243.133.46",5
"162.243.142.35",5
"184.105.247.204",5
"185.150.26.251",5
"185.220.100.244",5
"185.220.101.139",5
"185.233.19.151",5
"185.233.19.253",5
"191.96.100.234",5
"192.241.196.75",5
"192.241.197.22",5
"192.241.197.44",5
"192.241.207.79",5
"192.241.208.18",5
"192.241.214.16",5
"192.241.216.41",5
"192.241.217.35",5
"192.241.225.78",5
"192.241.231.47",5
"192.241.235.11",5
"192.241.235.26",5
"192.241.235.31",5
"192.241.235.34",5
"192.241.237.33",5
"198.199.103.75",5
"198.199.104.80",5
"198.199.114.65",5
"198.199.117.99",5
"198.199.117.125",5
"198.235.24.26",5
"198.235.24.41",5
"198.235.24.82",5
"198.235.24.99",5
"198.235.24.109",5
"198.235.24.110",5
"198.235.24.124",5
"198.235.24.130",5
"198.235.24.207",5
"198.235.24.229",5
"205.185.116.34",5
"205.210.31.37",5
"205.210.31.48",5
"205.210.31.101",5
"205.210.31.105",5
"205.210.31.202",5
"205.210.31.209",5
"205.210.31.218",5
"205.210.31.228",5
"209.141.62.239",5
"220.245.92.67",5
"221.14.11.101",5
"222.138.119.151",5
"222.186.13.131",5
"1.168.226.65",4
"2.57.149.186",4
"2.189.152.181",4
"4.225.160.86",4
"5.42.82.199",4
"5.160.164.37",4
"20.91.224.33",4
"31.46.27.32",4
"31.176.178.134",4
"37.114.37.119",4
"38.135.49.10",4
"42.237.60.212",4
"43.133.70.210",4
"43.134.176.251",4
"45.7.119.27",4
"45.33.70.51",4
"45.70.13.142",4
"45.79.128.205",4
"45.79.181.94",4
"45.89.20.42",4
"45.134.39.27",4
"45.177.225.197",4
"45.227.254.49",4
"45.233.244.127",4
"51.178.25.97",4
"51.195.150.227",4
"61.5.35.153",4
"64.62.197.2",4
"64.62.197.6",4
"64.62.197.38",4
"64.62.197.40",4
"64.62.197.42",4
"64.62.197.45",4
"64.62.197.62",4
"64.62.197.72",4
"64.62.197.93",4
"64.62.197.99",4
"64.62.197.102",4
"64.62.197.106",4
"64.62.197.132",4
"64.62.197.159",4
"64.62.197.164",4
"64.62.197.198",4
"64.62.197.199",4
"64.62.197.205",4
"64.62.197.210",4
"64.62.197.217",4
"64.62.197.228",4
"64.62.197.237",4
"65.49.1.14",4
"65.49.1.15",4
"65.49.1.29",4
"65.49.1.36",4
"65.49.1.37",4
"65.49.1.59",4
"65.49.1.111",4
"65.49.1.114",4
"65.49.1.118",4
"65.49.20.68",4
"65.49.20.74",4
"65.49.20.87",4
"65.49.20.92",4
"65.49.20.94",4
"65.49.20.99",4
"65.49.20.100",4
"65.49.20.111",4
"65.49.20.114",4
"65.49.20.123",4
"65.49.20.124",4
"74.82.47.14",4
"74.82.47.23",4
"74.82.47.62",4
"80.75.212.37",4
"80.82.77.144",4
"80.82.77.202",4
"81.28.50.118",4
"83.32.9.14",4
"85.204.213.80",4
"89.163.204.46",4
"89.186.10.182",4
"89.250.166.117",4
"91.92.242.243",4
"94.23.251.90",4
"94.156.69.209",4
"102.141.36.173",4
"103.65.235.191",4
"103.118.180.225",4
"104.167.223.86",4
"108.181.56.102",4
"109.105.31.242",4
"109.232.137.127",4
"112.209.186.227",4
"113.200.137.10",4
"117.207.50.213",4
"117.214.190.80",4
"122.100.79.147",4
"134.122.108.78",4
"134.209.187.28",4
"144.48.139.234",4
"158.69.5.205",4
"159.203.13.118",4
"161.35.20.27",4
"162.216.150.38",4
"167.71.139.112",4
"167.94.146.23",4
"167.99.204.199",4
"167.114.38.196",4
"167.114.98.78",4
"167.248.133.164",4
"168.228.229.134",4
"168.232.14.113",4
"170.254.73.206",4
"172.104.242.173",4
"176.97.175.116",4
"177.131.118.125",4
"178.62.16.175",4
"179.43.161.135",4
"180.149.125.163",4
"180.149.125.224",4
"181.114.139.207",4
"183.136.225.32",4
"184.105.139.67",4
"184.105.139.106",4
"184.105.139.122",4
"184.105.247.196",4
"184.105.247.212",4
"184.105.247.228",4
"184.105.247.234",4
"184.105.247.235",4
"184.105.247.242",4
"184.105.247.252",4
"185.140.160.207",4
"185.180.143.79",4
"185.180.143.189",4
"185.189.182.234",4
"185.233.19.205",4
"188.119.66.107",4
"188.169.178.50",4
"190.133.203.189",4
"191.103.251.153",4
"193.118.53.109",4
"193.163.125.205",4
"194.165.16.73",4
"198.199.101.116",4
"198.235.24.167",4
"198.235.24.186",4
"198.235.24.246",4
"201.184.231.250",4
"205.210.31.38",4
"205.210.31.175",4
"205.210.31.240",4
"206.189.27.59",4
"210.19.69.25",4
"211.24.75.49",4
"212.70.149.138",4
"212.98.216.2",4
"216.218.206.77",4
"216.218.206.94",4
"216.218.206.99",4
"216.218.206.122",4
"222.168.165.25",4
"2.85.171.133",3
"2.138.122.230",3
"5.178.207.9",3
"5.196.102.69",3
"12.235.110.190",3
"15.204.52.61",3
"23.90.165.142",3
"31.220.88.19",3
"34.222.65.160",3
"34.228.40.23",3
"35.216.133.23",3
"37.100.29.153",3
"42.92.120.12",3
"43.133.144.156",3
"43.153.132.250",3
"44.220.185.13",3
"44.220.185.198",3
"45.79.109.130",3
"45.83.64.2",3
"45.83.66.254",3
"45.93.20.148",3
"45.135.201.151",3
"46.101.101.12",3
"46.139.32.223",3
"46.142.160.217",3
"51.75.45.178",3
"51.91.210.195",3
"51.159.35.210",3
"54.183.198.231",3
"54.223.58.116",3
"58.212.237.51",3
"59.55.128.147",3
"62.38.218.177",3
"64.62.197.5",3
"64.62.197.7",3
"64.62.197.155",3
"64.62.197.162",3
"64.62.197.166",3
"64.62.197.222",3
"64.226.84.175",3
"65.49.1.53",3
"65.49.1.72",3
"65.49.1.119",3
"65.49.20.82",3
"66.175.213.4",3
"67.218.241.37",3
"74.82.47.2",3
"74.82.47.11",3
"74.82.47.15",3
"74.82.47.18",3
"74.82.47.30",3
"74.82.47.31",3
"74.82.47.32",3
"74.82.47.36",3
"74.82.47.38",3
"74.82.47.39",3
"74.82.47.43",3
"74.82.47.47",3
"74.82.47.50",3
"74.82.47.54",3
"77.242.234.89",3
"79.110.62.110",3
"79.124.62.86",3
"79.137.35.194",3
"80.94.95.225",3
"80.98.204.61",3
"81.226.135.161",3
"83.150.215.253",3
"84.247.154.40",3
"85.96.194.69",3
"85.209.11.241",3
"87.15.185.144",3
"87.236.176.55",3
"87.236.176.112",3
"87.236.176.138",3
"87.236.176.158",3
"87.236.176.225",3
"88.119.187.101",3
"89.134.97.124",3
"91.219.239.166",3
"92.51.2.11",3
"95.233.55.245",3
"103.56.61.130",3
"103.118.180.224",3
"104.131.128.37",3
"104.156.155.12",3
"104.221.226.12",3
"106.75.75.158",3
"106.75.98.123",3
"107.170.192.20",3
"107.170.224.12",3
"107.170.226.7",3
"107.170.242.19",3
"107.170.246.46",3
"107.170.252.18",3
"108.165.147.86",3
"109.205.213.154",3
"115.148.153.5",3
"116.89.70.7",3
"117.158.62.66",3
"118.212.121.219",3
"124.89.86.149",3
"124.89.86.185",3
"128.14.173.99",3
"128.14.173.117",3
"134.122.16.151",3
"138.199.34.201",3
"138.199.34.204",3
"141.95.159.2",3
"142.93.48.132",3
"144.217.17.203",3
"146.190.122.232",3
"157.230.82.245",3
"158.220.106.35",3
"158.220.116.248",3
"159.89.239.252",3
"159.223.162.113",3
"162.243.129.30",3
"164.92.205.173",3
"167.94.138.139",3
"167.94.138.149",3
"167.94.145.27",3
"167.94.145.29",3
"167.94.146.19",3
"167.172.106.245",3
"172.104.208.178",3
"172.105.128.13",3
"173.249.25.163",3
"176.111.174.183",3
"178.32.154.193",3
"179.60.147.36",3
"180.149.125.166",3
"180.149.125.170",3
"180.149.125.171",3
"184.105.247.240",3
"185.47.172.129",3
"185.233.19.152",3
"185.249.227.57",3
"186.233.119.15",3
"187.189.172.226",3
"192.34.56.55",3
"192.241.193.126",3
"192.241.225.82",3
"192.241.238.34",3
"198.23.172.110",3
"198.199.93.66",3
"198.199.97.59",3
"198.199.104.83",3
"198.199.109.60",3
"198.199.117.9",3
"198.235.24.47",3
"198.235.24.87",3
"198.235.24.127",3
"201.48.108.11",3
"205.210.31.216",3
"213.32.39.37",3
"216.218.206.79",3
"216.218.206.95",3
"216.218.206.101",3
"216.218.206.107",3
"216.218.206.118",3
"222.186.13.132",3
"1.64.240.16",2
"5.181.21.5",2
"5.188.210.139",2
"8.136.45.67",2
"13.71.128.118",2
"20.113.29.76",2
"23.90.165.131",2
"23.94.182.120",2
"23.239.29.109",2
"35.219.14.87",2
"37.120.148.78",2
"43.131.234.147",2
"43.131.247.46",2
"43.133.64.181",2
"43.133.154.17",2
"43.133.159.180",2
"43.133.193.21",2
"43.134.171.148",2
"43.134.172.105",2
"43.134.178.185",2
"43.153.9.176",2
"43.153.209.193",2
"43.155.165.192",2
"43.163.196.80",2
"43.163.204.176",2
"45.33.110.79",2
"45.55.0.9",2
"45.56.83.149",2
"45.56.84.110",2
"45.79.132.41",2
"45.79.153.72",2
"45.147.250.208",2
"47.92.97.122",2
"47.236.106.214",2
"50.214.211.122",2
"51.75.58.75",2
"51.75.58.76",2
"51.75.127.195",2
"51.77.245.172",2
"51.178.166.161",2
"51.195.47.176",2
"51.222.200.103",2
"52.82.120.67",2
"52.187.171.107",2
"61.160.221.74",2
"61.178.160.115",2
"64.62.197.8",2
"64.62.197.37",2
"64.62.197.59",2
"64.62.197.66",2
"64.62.197.68",2
"64.62.197.69",2
"64.62.197.79",2
"64.62.197.136",2
"64.62.197.179",2
"64.62.197.200",2
"64.62.197.226",2
"64.62.197.238",2
"64.62.197.240",2
"64.62.197.241",2
"64.227.146.243",2
"64.227.169.156",2
"65.49.1.17",2
"65.49.1.18",2
"65.49.1.33",2
"65.49.1.56",2
"65.49.1.117",2
"65.49.20.83",2
"65.49.20.90",2
"65.49.20.118",2
"65.49.20.120",2
"66.240.192.138",2
"68.183.43.47",2
"69.234.243.123",2
"71.6.146.130",2
"71.6.231.5",2
"73.166.85.131",2
"74.105.254.211",2
"78.109.194.151",2
"79.110.62.51",2
"84.247.143.70",2
"84.247.143.81",2
"84.247.143.86",2
"91.92.240.70",2
"91.92.255.143",2
"91.121.165.104",2
"91.132.146.181",2
"91.222.196.116",2
"93.123.118.112",2
"94.137.74.97",2
"94.142.138.7",2
"95.111.241.63",2
"95.214.27.13",2
"101.32.127.226",2
"103.147.92.90",2
"103.203.57.16",2
"103.231.59.19",2
"103.231.59.221",2
"103.231.59.234",2
"107.170.254.9",2
"107.170.254.27",2
"107.172.79.250",2
"119.45.15.217",2
"119.167.222.135",2
"121.17.160.5",2
"125.136.180.143",2
"139.59.169.239",2
"139.144.235.132",2
"141.94.71.52",2
"143.198.98.252",2
"144.91.119.59",2
"151.80.9.69",2
"154.209.125.190",2
"157.245.62.40",2
"157.245.94.127",2
"158.220.117.212",2
"159.223.107.179",2
"161.189.175.171",2
"162.142.125.84",2
"162.142.125.86",2
"162.142.125.87",2
"162.142.125.88",2
"164.92.110.150",2
"165.22.12.148",2
"165.227.229.15",2
"165.227.234.172",2
"167.71.140.242",2
"167.94.138.134",2
"167.94.138.135",2
"167.94.138.136",2
"167.94.138.141",2
"167.94.138.143",2
"167.94.138.146",2
"167.94.138.150",2
"167.94.145.19",2
"167.94.145.23",2
"167.94.145.31",2
"167.94.146.20",2
"167.94.146.26",2
"167.94.146.27",2
"167.94.146.30",2
"167.172.248.254",2
"167.248.133.161",2
"167.248.133.166",2
"167.248.133.167",2
"167.248.133.170",2
"167.248.133.174",2
"176.97.210.105",2
"176.97.210.222",2
"176.241.83.187",2
"185.23.74.12",2
"185.81.68.101",2
"185.196.10.7",2
"185.233.19.198",2
"185.233.19.199",2
"187.120.18.216",2
"188.165.253.193",2
"189.113.8.254",2
"193.11.184.2",2
"193.163.125.39",2
"193.163.125.44",2
"193.163.125.56",2
"193.163.125.57",2
"193.163.125.59",2
"193.163.125.75",2
"193.163.125.108",2
"193.163.125.115",2
"196.41.103.118",2
"198.199.94.19",2
"198.199.97.44",2
"198.235.24.37",2
"198.235.24.51",2
"198.235.24.59",2
"198.235.24.67",2
"198.235.24.102",2
"198.235.24.126",2
"198.235.24.131",2
"198.235.24.136",2
"198.235.24.251",2
"200.69.21.187",2
"203.55.81.101",2
"205.210.31.10",2
"205.210.31.42",2
"205.210.31.44",2
"205.210.31.86",2
"205.210.31.143",2
"205.210.31.144",2
"205.210.31.174",2
"205.210.31.186",2
"205.210.31.195",2
"205.210.31.250",2
"209.127.54.10",2
"218.203.78.46",2
"218.206.54.114",2
"13.215.36.118",1
"23.90.165.138",1
"27.215.209.153",1
"31.171.222.178",1
"31.191.143.90",1
"35.203.211.159",1
"35.216.158.209",1
"41.216.177.220",1
"43.133.138.140",1
"43.133.157.59",1
"43.134.108.30",1
"43.155.169.80",1
"43.218.233.159",1
"45.56.111.60",1
"45.79.98.246",1
"45.79.177.245",1
"45.79.186.176",1
"45.83.66.20",1
"45.89.20.50",1
"45.119.212.199",1
"45.128.96.28",1
"45.142.182.90",1
"46.101.15.96",1
"46.175.144.76",1
"49.213.226.204",1
"51.83.75.133",1
"51.159.111.44",1
"52.53.248.57",1
"60.175.97.222",1
"60.211.98.114",1
"64.62.197.13",1
"64.62.197.39",1
"64.62.197.48",1
"64.62.197.160",1
"64.62.197.213",1
"64.62.197.234",1
"65.49.1.81",1
"65.49.20.106",1
"67.207.84.151",1
"69.164.214.243",1
"71.6.231.7",1
"71.6.231.80",1
"74.82.47.40",1
"74.82.47.48",1
"74.82.47.52",1
"74.82.47.60",1
"78.133.177.18",1
"79.110.62.101",1
"79.124.58.158",1
"79.124.60.6",1
"79.124.60.246",1
"83.221.189.99",1
"85.105.17.208",1
"89.98.138.19",1
"91.108.241.115",1
"91.128.134.95",1
"91.215.85.36",1
"94.137.74.164",1
"94.156.67.10",1
"94.232.47.87",1
"95.39.217.54",1
"95.132.255.144",1
"95.142.37.249",1
"95.214.27.140",1
"101.33.73.18",1
"101.200.87.33",1
"103.30.43.224",1
"103.31.119.10",1
"103.75.198.104",1
"103.118.28.148",1
"103.118.180.123",1
"103.118.180.203",1
"103.231.59.134",1
"103.231.59.140",1
"104.131.144.35",1
"106.245.174.236",1
"107.170.230.25",1
"107.170.237.15",1
"107.170.240.23",1
"107.170.245.37",1
"107.170.254.16",1
"107.170.254.31",1
"107.170.255.30",1
"109.123.117.246",1
"111.67.206.107",1
"111.167.211.169",1
"113.200.137.7",1
"113.200.137.43",1
"114.34.88.221",1
"115.96.119.231",1
"116.58.254.157",1
"116.87.186.35",1
"116.124.0.162",1
"117.254.32.124",1
"118.194.251.144",1
"119.135.231.147",1
"120.24.182.248",1
"120.133.218.123",1
"120.133.218.125",1
"121.179.178.12",1
"121.185.114.209",1
"123.4.245.211",1
"123.191.149.8",1
"123.205.89.71",1
"124.13.116.218",1
"124.156.196.151",1
"124.156.224.20",1
"125.41.2.56",1
"125.75.113.173",1
"128.14.173.100",1
"128.14.173.118",1
"134.209.183.166",1
"137.74.199.24",1
"137.184.226.118",1
"138.68.140.241",1
"138.68.143.68",1
"138.68.208.14",1
"138.199.34.205",1
"139.144.150.23",1
"139.144.239.72",1
"139.144.239.74",1
"139.144.239.185",1
"141.98.169.45",1
"142.93.7.198",1
"142.171.153.60",1
"143.42.1.34",1
"143.42.1.53",1
"143.42.1.128",1
"143.42.1.189",1
"143.42.1.191",1
"143.42.1.201",1
"143.42.164.97",1
"143.42.164.127",1
"143.42.164.182",1
"143.42.173.60",1
"143.42.173.101",1
"144.91.127.223",1
"144.126.133.247",1
"146.185.25.167",1
"146.190.47.57",1
"146.190.112.151",1
"147.45.50.99",1
"147.182.198.246",1
"149.12.246.2",1
"149.34.252.50",1
"151.30.203.6",1
"151.252.149.19",1
"151.253.124.222",1
"152.32.206.64",1
"152.32.207.172",1
"152.89.198.61",1
"152.89.198.85",1
"154.6.83.144",1
"154.91.170.66",1
"156.245.5.132",1
"156.245.5.136",1
"159.203.208.34",1
"161.35.166.233",1
"161.35.199.152",1
"162.142.125.82",1
"162.142.125.90",1
"162.142.125.93",1
"162.216.150.66",1
"162.221.197.212",1
"162.243.132.18",1
"162.243.133.38",1
"162.243.134.9",1
"162.243.142.20",1
"162.243.150.40",1
"162.243.152.25",1
"162.243.167.10",1
"162.252.87.182",1
"164.52.213.234",1
"164.68.96.217",1
"164.90.235.249",1
"164.92.151.249",1
"165.22.143.78",1
"165.22.175.164",1
"165.22.223.72",1
"165.22.255.88",1
"165.210.33.250",1
"165.227.52.84",1
"165.232.73.237",1
"167.94.145.22",1
"167.94.145.28",1
"167.94.146.16",1
"167.94.146.25",1
"167.94.146.28",1
"167.114.157.16",1
"167.172.28.13",1
"167.172.82.103",1
"167.172.129.89",1
"167.248.133.160",1
"167.248.133.172",1
"167.248.133.173",1
"170.130.187.58",1
"170.187.163.90",1
"170.187.163.117",1
"171.106.52.160",1
"172.96.161.220",1
"172.104.210.105",1
"172.172.23.204",1
"172.172.23.206",1
"173.212.249.126",1
"173.230.150.73",1
"173.255.220.178",1
"174.138.26.172",1
"176.111.174.165",1
"176.166.220.54",1
"178.62.82.15",1
"178.88.38.25",1
"178.136.110.186",1
"178.164.243.202",1
"180.167.216.198",1
"180.182.220.130",1
"181.84.114.177",1
"183.129.167.11",1
"184.105.139.87",1
"184.105.139.92",1
"184.105.139.95",1
"184.105.139.96",1
"184.105.139.98",1
"184.105.139.126",1
"184.105.247.223",1
"184.105.247.238",1
"184.105.247.248",1
"184.105.247.250",1
"185.162.235.235",1
"185.162.235.251",1
"185.180.143.76",1
"185.180.143.157",1
"185.180.143.176",1
"185.180.143.180",1
"185.196.10.109",1
"185.240.243.216",1
"187.18.156.81",1
"187.120.18.196",1
"187.120.18.220",1
"188.157.215.145",1
"188.166.164.250",1
"192.3.251.75",1
"192.227.146.253",1
"192.241.199.83",1
"192.241.210.25",1
"192.241.212.23",1
"192.241.216.15",1
"192.241.235.27",1
"192.241.236.53",1
"193.11.184.3",1
"193.32.162.180",1
"193.38.246.123",1
"193.118.53.42",1
"193.118.55.180",1
"194.15.112.141",1
"194.26.135.112",1
"194.26.135.123",1
"194.26.135.124",1
"194.26.135.128",1
"194.26.135.129",1
"194.87.239.195",1
"194.163.165.195",1
"194.233.93.245",1
"197.5.145.115",1
"198.199.92.134",1
"198.199.101.107",1
"198.199.104.48",1
"198.199.107.144",1
"198.199.109.7",1
"198.199.110.18",1
"198.199.110.37",1
"198.235.24.113",1
"202.150.153.76",1
"206.189.24.255",1
"206.217.143.171",1
"207.244.236.108",1
"209.141.41.121",1
"210.179.202.141",1
"210.202.8.114",1
"216.218.206.82",1
"216.218.206.91",1
"216.218.206.97",1
"216.218.206.100",1
"216.218.206.121",1
"218.212.217.195",1
"219.246.96.37",1
"219.246.96.38",1
"220.162.148.71",1
"221.146.170.247",1
